precision,accuracy,recall,duration
0.9941463643784016,0.9927106494220259,0.9520988061104105,398.12631487846375
