precision,accuracy,recall,duration
0.9912070653028116,0.992845186817339,0.9560968426176,417.1144998073578
