precision,accuracy,recall,duration
0.993288889587517,0.993834895422222,0.9612968082036379,408.8320744037628
