precision,accuracy,recall,duration
0.9760013298738797,0.990809950901007,0.9556921305677581,394.6410343647003
