precision,accuracy,recall,duration
0.9930374905340615,0.9937912423311895,0.9610406717538156,408.6152560710907
